Kelas,Asal Daerah,Judul Lagu,Lirik Lagu
Jawa,DKI Jakarta,Ondel-Ondel,"Nyok, kite nonton ondel-ondel
Nyok, kite ngarak ondel-ondel
Ondel-ondel ade anaknya
Anaknye ngigel ter-iteran
Mak, bapak ondel-ondel ngibing 
Ngarak penganten disunatin
Goyangnya asyik endut-endutan 
Nyang ngibing igel-igelan
Plak gumbang gumplak plak plak
Gendang nyaring ditepak
Yang ngiring nandak
Pade surak-surak
Tangan iseng ngejailin
Taroin puntungan
Rambut kebakaran
Anak ondel-ondel jejingkrakkan
Kepalenye nyale bekobaran
Yang ngarak pade kebingungan
Disiramin aer comberan"
Jawa,DKI Jakarta,Kicir-Kicir,"Kicir-kicir ini lagunya
Lagu kama ya tuan dari Jakarta 
Saya menyanyi ya tuan memang sengaja
Untuk menghibur menghibur hati nan duka
Burung dara burung merpati
Terbang cepat ya tuan tiada tara
Bilalah kita ya tuan suka menyanyi
Badanlah sehat ya tuan hati gembira 
Buah mangga enak rasanya
Si manalagi ya tuan paling ternama 
Siapa saya ya tuan rajin bekerja
Pasti menjadi warga berguna"
Jawa,Jawa Barat,Tokecang,"Tokecang tokecang bala gendir tosblong
Angeun kacang sapependil kosong
Aya listrik di masigit meuni caang katingalna
Aya istri jangkung alit karangan dina pipina
Tokecang tokecang bala gendir tosblong
Angeun kacang angeun kacang
 Sapependil kosong
Layarna bodas jeung celak kasurung
Kaombak ombak "
Jawa,Jawa Barat,Cing Cangkeliling,"Kleung dengklek buah kopi
Raranggeuyan
Keun anu dewek ulah pati
Diheureuyan
Cing cangkeling manuk cingkleung cindeten
Blos kakolong bapak satar buleneng
Kleung dengklek buah kopi
Raranggeunyan
manuk cingkleung
Cindeten
Blos kakolong bapak satar buleneng 
Pat lapat pat lapat katingalan masih 
Tebih kene pisan 
Keun anu dewek ulah pati
Diheureuyan
Cing cangkeling "
Jawa,Jawa Barat,Bubuy Bulan,"Bubuy bulan
Bubuy bulan sangray bentang 
Panon poe
Panon poe disasate
Unggal bulan, unggal bulan
Unggal bulan abdi teang 
Unggal poe unggal poe
Unggal poe oge hade
Situ ciburuy
Laukna hese dipancing
Nyeredet hate
Ningali sorot socana"
Jawa,Jawa tengah,Ilir-Ilir,"Lir-ilir, lir-ilir
Tandure wus sumilir 
Tak ijo royo-royo
Tak sengguh penganten anyar
Cah angon, cah angon
Penekno blimbing kuwi
Lunyu-lunyu penekno
Kanggo mbasuh dodotiro
Dodotiro, dodotiro
Kumitir bedah ing pinggir
Dondomono lumatono
Konggo sebo mengko sore
Mumpung padang rembulane
Mumpung padang kalanglane
Yo surako, surak hiyo"
Jawa,Jawa tengah,Jenang Gulo,"Jenang gulo, kowe ojo lali marang aku iki yo kangmas
Nalikane nandang susah sing ngancani
Dhek semono aku tetap setyo tetap tresno yo kangmas
Durung nate gawe lan gawe kuciwo
Ning saiki bareng mukti kowe kok njur malah lali marang aku
Sithik-sithik mesti nesu terus ngajak padu
Opo kowe pancen ra kelingan jamane dek biyan yo kangmas
Kowe janji bungah susah padha dilakoni"
Jawa,Jawa tengah,Dondong Opo Salak,"Dondong opo salak
Duku cilik-cilik
Ngadhong opo mbecak
Mlaku thimik-thimik
Adi ndherek ibu
Tindhak menyang pasar
Ora pareng rewel
Ora pareng nakal
mengko ibu mesti 
mundhut oleh-oleh"
Jawa,Jawa tengah,Yen Ing  Tawang Ono Lintang,"Yen ing tawang ono lintang, cah ayu
Aku ngenteni tekamu
Marang mego ing angkoso , nimas
Sun takokke pawartamu
Janji-janji aku eling, cah ayu
Sumedhot rasaning ati
Lintang-lintang ngiwi-giwi, nimas 
Tresnaku sundhul wiyati "
Jawa,Jawa tengah,Prau Layar,"
Yo kanca ing nggisik gembira
Alerap lerap banyune segara
Angliyak numpak prahu layar
Ing dina minggu keh pariwisata
Alon prahune wis nengah
Pyak pyuk pyak banyu pinelah 
Ora jemu jemu karo mesem ngguyu
Ngilangake rasa lungkrah lesu
Adhik njawil mas jebul wis sore
Witing kalapa katon ngawe awe
Prayogane becik bali wae
Dene sesuk esuk tumandang nyambut gawe"
Jawa,Jawa Timur,Rek Ayok Rek,"Rek ayo rek mlaku mlaku nang
Tunjungan
Rek ayo rek rame bebarengan
Mangan tahu jadhi campur nganggo
Timun
Malam minggu gak apik dhigawa
Nglamun
Ngalor ngidul liwat took numpak motor
Masih untung nyenggal nyenggol ati lega
Sapa ngerti nasib awak lagi mujur
Kenal anak e sing dodol rujak cingur
a dhipikir kon padha gak duwe sangu
Ja dhipikir angger padha gelem melu
Aku
Cah ayo cah sapa gelem melu aku
Cah ayo cah golek kenalan cah ayu"
Jawa,Jawa Timur,Gai Bintang,"Gai bintang alek gagar bulan 
Pagaina janor koneng
Kaka elang alek sajan jau
Pajauna gan lon alon
Leya letes kembang kates tokca tokcer"
Jawa,Jawa Timur,Cing Kincing Kere,"Cing kincing kere'
Ka bara' bun bun
Ka temor ka paseyan 
Kabala'a ka kalebun
Apella ataeyan
Ta'biyar nampes, mata bular kecek
Cing kincing kere' kere'
Kaju lamapang paju maleng
Malengnga rek-seregan
Ka bara' punpun 
Ka temor pasuruan
Se kemma kettheng 
Gutto' sapolo ebang
Ta'biyer nampes 
Mata bular kecek"
Jawa,Jawa Timur,Dipadhi Cemplong Lo'ling,"Diphadi cemplo lo'ling
Entara kana' supang yang sayang
Embu ambang atutup pindhang 
Alalap kacang nyang petis 
Tis kontolir bui' ayu
Dhadha'aran kundhang kalimansur jaran
Garegjeggan jaran
Garennenggan
No'lenno' nyodhu tajin
Dipadhi cemplo lelo
Entara' subat hai sayang
Embu'ambang atutup sindhang 
Alalap kacang yang pettes
Lir kontolir bu'ayu
Garegjeggan jaran
Garennegan tamoy
No'lenno'nyodhu tajin
Dipadhi cemplo lelo
Entara kana'subat hai sayang
Embu' ambang atutup sindhang 
Alalap kacang yang petes 
Lis-kantulis bu'ayu
Garegjeggan bu'ayu 
Garegjeggan jaran 
Garenneggan tamoy
No'lenno' nyodhu gahwe"
Jawa,Jawa Timur,Ba Baba Bulan,"Ba baba bulan' bulanna sapa
Bulanna watik
Ageleppar Agelebber
Noro' ompossa penang 
Buru dha' emma ana
Buru kagerrungganna"
Jawa,Jawa Timur,Lelle Nareyo,"Lelle nareyo
Sang soroy me'papotong 
Sang gendhi' me'pabiru
Bang janggal le'beyek
Bang malegel le'jaggur
Mon bangal le'ngangsek 
Mon tako' le mongkor"
Jawa,Jawa Timur,Mon Temmon Buko,"Mon temon buko
Bungkona lonta lonteng
Ambet tatta, ambet tetteng 
Mon ta' soka ja' nyaletheng 
Kallean nyono kai'iya"
Jawa,Jawa Timur,La Illa Haillalla,"La illa haillalla
Sapo'iman sandhing nabbi
Bantal sadat pajung Allah
Kangan Kacer"
Jawa,Jawa Timur,Po'  Kopo Ame-Ame,"Po' kopo' ame-ame
Tallam menta'kopo'
Sabelluna ana'patme
Samalem dhudhu' mokka susu
Cangkele cangkelongan 
Thok pathok kaju kalompang 
Susuna lemma' manis
Jenten ereng plappa mora
Sang ale' aro'oman 
Tot patot daddi komantan"
Kalimantan,Kalimantan Barat,Cik-Cik Periook,"Cik cik periook bilanga sumping dari jawe
Datang nek kecibook bawa kepiting dua ekook
Cik cik periook bilanga sumping dari jawe
datang nek kecibook bawa kepiting dua ekook
Cak cak bur dalam bilanga picak
Iddung gigi rongak
Sape kitawa dolok dipancung raje tunggak"
Kalimantan,Kalimantan Barat,Aek Kapuas,"Hei sampan laju
Sampan laju dari ilir sampai ke ulu
Sungai Kapuas
Sunggoh panjang dari dolo' membelah kote
Hei tak disangke
Tak disangke dolo' utan menjadi kote
Ramai penduduknye
Pontianak name kotenye
Sungai Kapuas punye cerite
Bile kite minom ae'nye
Biar pon pegi jauh ke mane
Sunggoh susah na' ngelupakannye
Hei Kapuas hei kapuas hei kapuas"
Kalimantan,Kalimantan Barat,Masjid Jami,"Sunggoh cantek bentok rupenye 
Mesjed jami sebrang adenye
Awal mule adenye kote
Pontianak die punye name
Barang siape ke pontianak 
Jangan lupakan keraton raje
Kalo tidak pegi ke sanak
Belomlah sampai dalam kotenye
Peninggalan di jaman dolo
Mesjed jami dan keratonnye
Sultan Abdurrahman pendirinye
Di jaman penjajahan Belande
Itu bukti secare nyate
Boleh bangge kite semue"
Kalimantan,Kalimantan Barat,Alon-Alon,"ALon-alon , gelumbang alon 
Timun kattak di pung ka'tiang 
Bangun, bangun, nak dare bangun 
Ayam bekukkuk ari na'siang
Alon-alon, gelumbang alon
Buah pedare berumbak umbai
Berumbak rumbai si tujuh ige
Anak dare besubang gading 
Turun belimbai
Nang tue bebaju gadong 
Nang tangah betapeh serong
Nang katcik besubang gading 
Nang bussu sanggul ti sedeng ampat beradek"
Kalimantan,Kalimantan Selatan,Ampar-Ampar Pisang,"Ampar ampar  pisang
Pisangku balum masak
Masak bigi di hurung bari-bari
Masak bigi di hurung bari-bari 
Manggalepak manggaklepok
Patah kayu bengkok
Bengkok dimakan api
Apinya cang curupan
Nang mana batis kutung
Dikitipi dawang
Dikitipi dawang
Ampar ampar pisang
Pisangku balum masak
Masak bigi di hurung bari-bari
Masak bigi di hurung bari-bari"
Kalimantan,Kalimantan Selatan,Anak Pipit,"Anak pipit 
Gugur matan di sarang
Ka tanah di sala rapun saray
Umay umay
Kada pang sampai hati
Malihat anak pipit'kan cilaka
Kasihani anak pipit 
Ambili anak pipit
Jangan biarkan anak pipit 
Dalam sengsara
Kasihani anak pipit
Ambili anak pipit
Jangan biarkan anak pipit
Dalam sengsara"
Kalimantan,Kalimantan Selatan,Ayun Apan,"Ayun apan anak kundan kutinggal apan
Ayun salendang anak kundan hanyut badiri 
Ayun apan anak kundan ujarku apan
Urang bujang anak kundan baranak tiri

Dua kali anak kundan hujan digambah
Mahujani anak kundan anak papuyu
Dua kali anak kundan mangiau asbah
Mangawinakan anak kundan anak dahulu 
Tiup api anak kundan digunung lidang 
Habu habunya anak kundan ku tampi jua
Niat hati anak kuandan tumat dibujang 
Balu balunya anak kundan ku hadang jua
Amas marah anak kundan intan sakarat 
Humbut nyiur anak kundan dicucur angsa
Bapanderan anak kundan nang pina harat
Wani manjujur anak kundan barapa juta"
Kalimantan,Kalimantan Selatan,Musik Panting,"Dengan bismillah kami ucapkan alah sayang 2x
Panting di aktik baandung tangan 2x
Lagu di alun nang dibawakan alah sayang 2x 
Kisahnya nasib marista badan 2x
Musik panting kita dangari alah sayang 2x
Paninggal datu urang bahari 2x
Patut dibina dipalajari alah sayang 2x
Kita kembangkan disana sini 2x
Mangatik panting dibulan tarang alah sayang 2x 
Duduk basila basangga wihang 2x
Marista diri badan saurang alah sayang 2x
Manunggu nasib rajaki datang 2x
Musik panting nang ditinggali alah sayang 
Seni hiburan urang bahari 
Panting dikatik dimalam hari alah sayang 
Mahibur hati di kala sunyi"
Kalimantan,Kalimantan Selatan,Halin,"Banaik pinang si bungas langkar
banaik pinang
batis bakait jangan di basuh 
Dibanyu karuh di banyu karuh


Lamun taganang si bungas langkar
Lamun taganang 
Wayah baulit banyunya mata
Kahada taduh kahada taduh 
Basaksi marangkai janji
Badapat batamu sudah batali
Umai padihnya kada badaya badanku

Basaksi marangkai janji
Badapat batamu sudah batali 
Tinggal basarah lawan nang kuasa
Illahi rabby
Daun mingkudu si bungas langkar 
Daun mingkudu
Kambanglah rampai jangan di ikat 
Dibuncu kain di buncu kain

Halin judu si bungas langkar
Halinlah judu
Baluman sampai taniat hati
Kada ka lain kada ka lain"
Kalimantan,Kalimantan Selatan,Tirik,"Dalima bungas langkar akar jalatang 
Latang
Buluhlah marindu langkar balah par ampat 2x
Ditarima bungas langkar badanku datang
Datang dandam panglah rindu bungas langkar handak badapat
Kalu kada bungas langkar karana kunci
Kunci
Kada tabuka bungas langkar pintu lamari 2x
Kalu kada bungas langkar datang kamari
Bungas langkar palihuman kada badanku datang ka
Tabulah salah bungas langkar sarai sarapun 
Rapun
Unjunlah dibatang bungas langkar umapat batali 2x
Amun tasalah bungas langkar maminta ampun 
Ampun ulun panglah datang bungas langkar umpat banyanyi
Bungas langkar palihuman ulun datang umpat banyanyi"
Kalimantan,Kalimantan Tengah,Oh Indang Oh Apang,"Oh indang oh apang
Sasupak mawi aku
En auh mu dandau anak
Saketong longge-longget
Bajai penda batang
Manok pukong penda lisong
Manok jampa penda huma
Mbirang kajang penda bua"
Kalimantan,Kalimantan Tengah,Mamangun Mahaga Lewu,"Ku manyanyi manyampai kabujur 
Maninting itah akan ije kapakat
Pakat mamangun mahaga lewu
Lewu maju kasanang maningkat
Tagal nahuang maraup amas
Lanting sedot mangarak amas
Himba pahewan lepah talampas
Metu karayap galabah uras
Ela laya yo ela laya
Mamangun mahaga lewu
Sanang mangat eka kahimat
Bahu himba harajur ihaga"
Kalimantan,Kalimantan Tengah,Andri Arai Atei,"Andri arai atei 
Takam katuluhni 
Daya takam tau panalu 
Andri naun hang yari
Isa awit unengni 
Ware takam ngantuh 
Slamat panalu"
Kalimantan,Kalimantan Tengah,Bajai Penda Batang,"Oh indang oh apang 
Gitam supak mawi aku
Narai kuam dandang anak 
Sanggetung lungget-lungget
Bajai penda batang 
Halanja dengan rungan
Rungan matei bentuk lewu
Oh indang oh apang "
Kalimantan,Kalimantan Tengah,Manasai,"Pukul gendnag garantung
Haayak dengan kangkanung
Sambil tuntang gantau
Miar mundur dan maju 
Bahalai dan salendang 
Imeteng intu kahang 
Ngaliling sangkai lunuk 
Je impendeng hang bentuk 
Ayu menari manasai , menari menasai
Ela atu je melai...2x
Bekas tuntang tabela
Keleh itah mahaga
Kesenian daerah 
Ayun tatu weh itah
Pukul gendang garantung 
Hayak dengan kangkanung
Mangat itah tau ingat"
Kalimantan,Kalimantan Tengah,Malauk Manjala,"Mambesei ayo mambesei 
Mambesei akan danau
Mambesei ayo mambesei 
Mambesei akan danau
Manjala 
Lauk injala
Lalaya
Andau sasanja
Buli huma mimbit keba 
Basuang pantik saluang 
Sukup simpan 
Dinu malauk manjala"
Kalimantan,Kalimantan Timur,Oh Adingkoh,"Oh adingkoh jebakena
Tahi dia manduikan sungei
Katining danum manampah atei mipen
Tahi dia hasupa adingkoh sayang
Biti benengkoh ije huyung hanyang"
Kalimantan,Kalimantan Timur,Buah Bolok,"Buah bolok kuranji papan
Dimakan mabok dibuang sayang
Busu embok etam kumpulkan
Rumah-rumah jabok etam lestarikan

Buah salak muda diperam
Dimakan kelat dibuang sayang
Spupu dengsanak etam kumpulkan
Untuk menyambut wisatawan
Buah terong digangan nyaman 
Jukut blanak tolong panggangkan 
Musiuum Tenggarong Mulawarman 
Yok dengsanak etam kenangahkan 
Buah lolok kuranji papan
Dimakan mabok dibuang sayang
Keroan kanak sekampongan
Etam begantar bejepenan"
Kalimantan,Kalimantan Timur,Indung-Indung,"Indung idung kepala lindung
Hujan di udik di sini mendung 
Anak siapa pakai kerudung 
Mata melirik kaki kesandung

La haula wala kuwaatta
Mata melihat seperti buta
Tiada daya tiada upaya
Melainkan Tuhan Yang Maha esa
Aduh aduh Siti Aishah
Mandi di kali rambutnya basah
Tidak sembahyang tidak puasa 
Di dalam kubur mendapat siksa
Duduk goyang di kusi goyang
Beduk subuh hampir siang
Bangunkan Ibu suruh sembahyang 
Jadilah anak yang tersayang"
Kalimantan,Kalimantan Timur,Bulan Haji,"Bulan tarang bapagar bintang 
Langit menguning kaya di siang hari
Nyaman baduduk nyaman baduaan 
Kada tarasa malam nyaman baduaan 
Kada tarasa malam pang larut

Bulan haji datanglah sudah 
Urang tatuha sudah baniatan 
Handak mangwinakan nang batunangan 
Si Aminah awan si Adul
Datanglah sudah datanglah jua 
hari Ahad nang di tunggu
Baharum harum kambang melati 
Kambang goyang diujung galung
Pengantinya sudah basanding 
Duduk di palaminan adat banjar 
Adat urang tatuha bahari
Kada tatinggal saumur hidup"
Maluku,Maluku,Nona Manis Siapa Yang Punya,"Nona manis siapa yang punya
Nona manis siapa yang punya
Nona manis siapa yang punya
Yang punya ibu saya
Nona manis siapa yang punya
Nona manis siapa yang punya
Nona manis siapa yang punya 
Yang punya mama saya"
Maluku,Maluku,Rasa Sayang Sayange,"Rasa sayang e  rasa sayang sayang ee
Eee liat Ambon jauh rasa sayang sayang ee
Mana kancil akan di kejar, ke dalam pasar cobalah cari
Masih kecil rajin belajar, sudah besar senan
Si Amat mengaji tamat, mengaji Qur'an di waktu fajar
Biar lambat asal selamat, tak kan lari
gunung dikejar
Kalau ada sumur di ladang, boleh kita
Menumpang mandi
Kalau ada umurku panjang, boleh kita
Berjumpa lagi"
Maluku,Maluku,Naik Ke Puncak Gunung,"Naik, naik ke puncak gunung
Tinggi, tinggi sekali
Naik, naik ke puncak gunung
Tinggi, tinggi sekali
Kiri, kanan , kulihat saja
Banyak pohon cemara
Kiri, kanan, kulihat saja
Banyak pohon cemara "
Maluku,Maluku,Burung Kakatua,"Burung kakatua
Hinggap di jendela
Nenek sudah tua
Giginya tinggal dua
Lesbum lesbum lesbum la la la
Lesbum lesbum lesbum la la la
Lesbum lesbum lesbum la la la
Lesbum lesbum lesbum la la la"
Maluku,Maluku,Waktu Hujan Sore-Sore,"Waktu hujan sore-sore
Kilat sambar pohon kenari
E jojaro deng menari
Mari dansa dan emnari 
Pukul tifa toto buang
Kata balimbing di kereta 
Nona dansa dengan tuan 
Jangan sindir nama beta
E menari sambil goyang badane
Menari lombo pegang lenso manise
Rasa ramai jangan pulang dulue"
Maluku,Maluku,Ayo Mama,"Ayo mama jangan mama marah beta
Dia cuma cuma cuman pegang beta
Ayo mama jangan maama marah beta
Lah orang muda punya biasa
Ayam hitam telurnya putih 
Mencari makan di pinggir kali
Sinyo makan di pinggir kali
Sinyo hitam giginya putih 
Kalau ketawa manis sekali"
Maluku,Maluku,Sarinande,"Sarinande, putri Sarinande 
Mengapa tangis matamu bangka?
Aduh mama, aduh la papa
La asap api masuk di mata
Aduh mama, aduh la papa
La asap api masuk di mata "
Maluku,Maluku,Kole-Kole,"Kole kole arumbai kole
Tamba santan dengan gula sota lalu
Manise
Kole kole arumbai kole 
Tamba santan dengan gula sota lalu
Manise
Manise manise sota lalu manise
Tamba santan dengan gula sota lalu
Manise"
Maluku,Maluku,Gunung Salahutu,"Kota Ambon ibu negri tanah maluku
Di pinggir laut tempat beta bersatu
Dilihat dari jauh gunung salahutu
Beta ingat beta dahulu di ditu
Bulan terang benderang di pinggirnya pantai
Bunyi gitar suara tifa ramai ramai
Kota Ambon dengan teluk yang indah permai  
Apa tempo beta lihat Oselae"
Maluku,Maluku,Balenggang Patah Tanjung,"Balengganglah patah tanjunglah balenggang lombosee
Marilah beta gendong beta kwain dengan 
Kawinlah baik baik jangan laki bakalai
Kalu laki bakalai minta pulang lebih baik 
Ole sioh sioh sayange "
Maluku,Maluku,Ambon Manise,"Waktu hujan sore sore
Kilat sambar pohon kenari
E jojaro deng mongare
Mari dansa dan menari
Pukul tifa toto buang kata balimbing di kereta
Nona dansa dengan tuan jangan sindir nama beta
E menari sambil goyang badane
Menari ombo pegang lenso manise
Rasa ramai jangan pulang dulue"
Maluku,Maluku,Burung Tantina,"Sio tantina burung tantina
Mati dipanah raja nirwana
Sio tantina burung tantina
Mati dipanah raja nirwana
Sakitnya bukan sakit penyakit 
Khabarnya datang dari sri rama
Sakitnya bukan sakit penyakit
Khabarnya datang dari sri rama"
Maluku,Maluku,Goro-Gorone,"Goro gorone epa toka toka bia
Loko sana loko mari loko lenso manari
Kata nyong beta pinta sioh nona e manari
Dengar donci a balagu sioh nona ender bahu
Meski nona duduk jauh sioh beta panggil trus menyahut 
Lah lajulah lekas datang kemari
Pura pura tidak tahu belum ditanya sudah mau
Lah sebab nona suka sendiri"
Maluku,Maluku,Huhate,"Orang muda huhate, bae-bae
Jangan sampai dapat kulit durian
Pasang mata telinga, kkalau mencari teman 
Jangan sampai dapat kulit durian
Huhate, huhate, huhate bae bae
Jangan sampai sembarang orang latagai
Sio jangan , sio jangan 
Jangan paparipi
Kulit durian sungguh baduri
Orang muda huhate, bae bae
Jangan sampai dapat kulit durian 
Pasang mata telinga, kalau mencari teman 
Jangan sampai dapat kulit durian 
Huhate, huhate, huhate bae bae
Jangan sampai sembarang orang latagai
Sio jangan, sio jangan 
Jangan paparipi
Kulit durian sungguh baduri"
Maluku,Maluku,Lembe-lembe,"Lembe-lembe toyan do maule
Lembe to toyan do maule
Sawat sawat toyan do maule
Lembe lembe toyan doyo
Lembe to toyan do maule 
Sawat sawat toyan do maule
Sawat sawat toyan doyo
Sawat to toyan do maule 
Lembe lembe tu maina
Sawat sawat di laute
Lembe lembe tu maina 
Sawat sawat di laute "
Maluku,Maluku,Mande-mande,"Mande-mande ana kona e mande
Wato rasa bagaimana beta pulang kawin dengan se
Malayo malayo malayo
Malayo tinggal dari tanjung yo tanjung 
Yo malayu tinggal dari tanjung tanjung yo
Sauh reka reka gaba gaba ampat buah
Kalo nyong sayang beta dekat dekat dekat jua"
Maluku,Maluku,O Ulate,"O Ulate tanjung o ulate
Tanjung sibarane tanjung o ulate satu dua tiga dan empat lima anam di kayu manis
Sinyo Ambon hitam dan manis kalau ketawa manis 
O Ulate tanjung o ulate
Tanjung sibarane tanjung o ulate
Kalau ada sumur di ladang boleh beta menumpang mandi
Kalau ada umurlah panjang bboleh beta bertemu lagi"
Maluku,Maluku,Sayang Kene,"Sayang kene rasa sayang kene
Lihat dari jauh rasa sayang kene
Ombak putih-putih ombak datang dari laut 
Kipas lenso sioh sayange lah rasa sayange 
sayang dilale apa tempo tuan balik ya nona ole sioh sayange
La gelange la gelange la mari topu topu gela
sengaja topu tangan topu tangan rame-rame
Rame-rame gelange la balenggang lombose"
Maluku,Maluku,Saule,"Dari mana datang, saule?
Dari kampung bandan saule
Mari kita berdendang, saule?
Cara orang bujang saule
Saule dari Ambon bidadari
Sioh nona dari Ambon bidadari
Saule dari Ambon bidadari 
Sioh nona dari Ambon bidadari ya nona "
Maluku,Maluku,Poco-poco,"Balenggang pata-pata
Ngana pegoyang pica-pica
Ngana pebody poco-poco

Cuma ngana yang kita cinta
Cuma ngana yang kita sayang
Cuma ngana suka bikin pusing
Ngana bilang kita na sayang 
Rasa hati ini malayang 
Jauh
Dija dija
Biar kita ngana pebayang 
Biar na bikin layang-layang 
Cuma ngana yang kita sayang"
Nusa Tenggara dan Bali,Bali,Ratu Anom,"Ratu anom metangi meilen-ilen
Dong pirengang munyin sulinge di jaba
Doang pirengang munyin sulinge di jaba
Enyen ento menyuling di jaba tengah
Enyen ento menyuling di jaba tengah 
Gusti Ngurah Alit Jambe Pemecutan
Gusti Ngurah Alit Jambe Pemecutan"
Nusa Tenggara dan Bali,Bali,Putri Cening Ayu,"Putri cening ayu ngijeng cening jumah
Meme luas malu kapeken meblanja
Apang ada darang nasi
Putri cening ayu ngijeng cening jumah
Meme luas malu kepeken meblanja
Apang ada darang nasi
Meme tiang ngiring nongos ngijeng jumah
Sambilan menggempu ajak titiang dadua
Ditekane nyen gapgapin
Meme tiang ngiring nongos ngijeng jumah
Sambilan mangempu ajak titiang dadua
Ditekane nyen gapgapin
Putri cening ayu ngijeng cening jumah
Meme luas malu kapeken meblanja 
Apang ada darang nasi
Putri cening ayu ngijeng cening jumah
Putri cening ayu ngijeng cening jumah"
Nusa Tenggara dan Bali,Bali,Jangi Janger,"Jangi janger, sengsenge sengseng janger
Sengsenge sengseng janger
Serere nyomane nyore
Kelap kelap ngalap bunga 
Langsing lanjar pamulune nyandat gading
Jalan jani mejangeran 
Seledet enyorita tiyang
Arasijang krangi janger, arasijang krangi janger 
Arasijnag krangi janger, arasijang krangi janger
Jangi janger, sengsenge sengseng janger
Sengsenge sengseng janger
Serere nyomane nyore
Kelap kelap ngalap bunga
Langsing lanjar pamulune nyandat gading 
Jalan jani mejangeran 
Seriang ngentur rora roti "
Nusa Tenggara dan Bali,Bali,Adi Sayang,"Adi sayang jegeg sekadi bulan
Dong tegarang bedikang medaar
Adi sayang sampunang ngeling meguyang 
Nyen bisa bisa basange cacingan
Adi sayang sampunang pati nakal
Mai milu melajah matembang 
Sampunang pragat nagih menyang 
Memene dipaon nu ngai dedaran 
Adi sayang jegeg bulan 
Dingehang jani tiang metembang 
Adi sayang jegeg bulan 
Tegarang adi milu nuutang"
Nusa Tenggara dan Bali,Bali,Batu Cina,"Batis lantang cunguh barak
Batis lantang cunguh buruk 
Mangumbang umbang I jodar
Mangumbang umbang i jodar
I jodar matetulupan 
Jangkak jongkok 
Menyaru menyoncong jangkrik 
Menyaru menyoncong jangkrik 
Jangkrik kawi Nilotama 
Jangkrik kawi Nilotama
Nilotama tunjung biru 
Tunjung biru"
Nusa Tenggara dan Bali,Bali,Bibi Rangda,"Bibi bibi rangda apang durus karyan 
Bibi mejauman kelod kangin jumah dane jegeg lesen
Suba jani keto tiang ngaba aled munyi 
Sesanganan kaon jaja sirat kekuluban bungan 
Duren duren ijo semangkane kuning gading 
Kanti lampa nguda salak nangka kaliasem mangeronce"
Nusa Tenggara dan Bali,Bali,Juru Pencar,"Juru pencar juru pencar
mai jalan mencar ngejuk ebe
Be gede gede
Be gede gede 
Di sawana ajaka liu "
Nusa Tenggara dan Bali,Bali,Dadong Dauh,"Dadong dauh ngelah siap putih 
Suba metaluh reka
Minab ada limolas taluhne 
Nangih lacur ada nak nepukin 
Anak cerik cerik 
Anak cerik cerik
Keliwat usil ipun "
Nusa Tenggara dan Bali,Bali,Dewa Ayu,"Dewa ayu ya ya dewa ayu
margi I Ratu mesolah mesolah mabulu wangsul
Hulu hulu wangsul ya ya hulu hulu wangsul
Telan jake cara Jawa memayog cara den bukit"
Nusa Tenggara dan Bali,Nusa Tenggara Barat,Halele U Ala De Teang,"Halele u ala de teang
Die jarang aming plaju
Jarang aming gebah humang 
Udi keda benu miju
Helele u ala de teang
Die jarang aming plaju
Jarang aming gebah humang 
Udi keda benu miju
Helele u ala de teang
die jarang aming plaju
Jarang aming gebah humang
Udi keda benu miju"
Nusa Tenggara dan Bali,Nusa Tenggara Barat,Tutu Koda,"O ina beten melewan lau doan
O ina saren otanan rae lela
Panadi maan tun pulo pai getan
Rawe di maan wulan le mamatan
Mo aman langsung ken obo taran bala
Kemata lali go ena lalo dang
Naku mo pana di mulo duli tukang"
Nusa Tenggara dan Bali,Nusa Tenggara Barat,Pai Mura Rame,"Pai mura rame ka kano arie
Tula solao hamura rame rame
Buat senang Cuma ini malam saja
Tutup kronik kata sayonara
Sudahlah dekat di ambang pintu
Mari bermanfaat mari frater baru mengikat janji
Ingat ingat dalam doa
Dalam panggilan kita bersama"
Nusa Tenggara dan Bali,Nusa Tenggara Barat,Potong Bebek Angsa,"Potong bebek angsa, masak dikuali
Nona minta dansa, dansa empat kali
Dorong ke kiri, dorong ke kanan 
La la la la la
Potong bebek angsa, masak di kuali 
Nona minta dansa, dansa empat kali
Dorong ke kiri, dorong ke kanan
La la la la la"
Nusa Tenggara dan Bali,Nusa Tenggara Barat,Bilin,"Canggi apa ko cangta
Cukung kalung pakle keunan
Ares nondar kumapnuna
belo katusale asa
Susa maras tubar demam 
Mana pece latu kona

Onangku ca kuamankan 
Nokapui pipo rasa
Siabine kabiasa
Lambe yasna kobagian 
kurela siapa lana
Kareng sabarne ku benta 
Kareng sabarne ku benta 

Kasia pire pierasa 
Nendayaseu pipamada
Leune palong lengateta 
Apa podesia kuya
Lokakucong sisi sanga
Marabiongikatesna 
Onangku ca kuamankan 
Nokapui pipo rasa
Siabine kabiasa 

Lambe yasna kobagian 
Kurela siapa lana
Kareng sabarne ku benta 
Kareng sabarne ku benta 
Kareng sabarne ku benta 
Kareng sabarne ku benta"
Nusa Tenggara dan Bali,Nusa Tenggara Barat,Kadal Nongaq,"Kadal nongak leq kesambiq
Benang kataq setakilan 
Aduh dende 
Te ajah onyak ndek ne matiq
Payu salaq ke jarian 
Aduh dende 
Mun cempake siq kembang sandat 
Saq sangake jari sahabat"
Nusa Tenggara dan Bali,Nusa Tenggara Timur,Bolelebo,"Bolelebo ita nusa lelebo
Bolelebo ita nusa lelebo
Malole simalole ita nusa lemalole
Malole simalole ita nusa lemalole
Bolelebo baradimu lelebo
Bolelebo baradimu lelebo
le ta'do ie baradimu rihi ie
le ta'da ie baradimu rihi ie
Bolelebo tanah Timor lelebo
Bolelebo tanah Timor lelebo
Baik tidak baik tanah Timor lebih baik
Baik tidak baik tanah Timor lebih baik"
Nusa Tenggara dan Bali,Nusa Tenggara Timur,Desaku,"Desaku yang kucinta
Pujaan hatiku
Tempat ayah dan bunda
Dan Handai taulanku
Tak mudah kulupakan
Tak mudah bercerai
Selalu kurindukan"
Nusa Tenggara dan Bali,Nusa Tenggara Timur,Anak Kambing Saya,"Mana dimana anak kambing saya
Anak kambing tuan ada di pohon waru
Mana dimana jantung hati saya
Jantung hati tuan ad
Caca marica he hei
Cace marica he hei
Caca marica ada dikampung barua dikampung baru
Caca marica he hey
Caca marica he hey
Caca marica ada dikampung baru"
Nusa Tenggara dan Bali,Nusa Tenggara Timur,Mana Lolo Banda,"Aua ia mana lolo banda
Aua soda ele le le lel
Ia au taton mana lolo banda
Ai fali du dua ledoa tenaso
Fo banda fali aua fo tungga dea
Nahaka me'e mana lolo banda
Sapi beinaka bete malinu oe ena 
Leo ia tungga faik 
Mana lolo banda"
Nusa Tenggara dan Bali,Nusa Tenggara Timur,Fali Nusa Lote,"Letekala tada fo dae lamado
Nunukala lona fopiak lamdema
Nai tou nusa nai inggu oen afan dela ee
Neu bulak sio teuk telu mama ko'o ifa
Ma papa kokon nai kalkoan
Au sangga fali leo 
Fali nusa lote fali nusa lote 
Boi eeee
Nusa fua funik nusa nusa ndalu sita"
Papua,Papua,Sajojo,"Sajojo Sajojo 
yumbo ramko isa bapa 
rasa muna-muna-muna keke 
sa muna-muna-muna keke 
sajojo sajojo 
yumbo ramko isa bapa 
rasa muna-muna-muna keke 
sa muna-muna-muna keke
ku serai kusase rai-rai-rai-rai-rai
ku serai kusase rai-rai-rai-rai-rai
yunamko nikimye kiyasore kiyasa sore 
yunamko nikimye kiyasore kiyasa sore 
sa muna-muna-muna keke"
Papua,Papua,Apuse,"Apuse kokon dao 
yarabe soren doreri
wuf lenso bani nema baki pase
Apuse kokon dao 
yarabe soren doreri 
wuf lenso bani nema baki pase 
Arafabye aswarakwar
Arafabye aswarakwar
kakek/nenek aku akan pergi 
ke negri seberang, teluk doreri
pegang saputangan dan melambaikan tangan 
kakek/nenek aku akna pergi 
ke negri seberang, teluk doreri 
pegang saputangan da
kasihan aku, selamat jalan cucuku
kasihan aku, selamat jalan cucukun melambaikan tangan "
Papua,Papua,Diru-Diru Nina,"Diru diru nina 
O  Wa
Sawape diru nina 
nina O 
Diru diru nina 
O Wa
Sawape diru nina 
nina O
Amai yenusi rumape siripe  A
Sawape diru Nina, Nina O
Amai yenusi rumape siripe   A
Sawape diru Nina, Nina O"
Papua,Papua,Sop Mowi Ya,"Awin kamam sye ai awin supinema 
dorek arwo sonai arwo nafur karkar
aibon bonjos ke suranda
kyamara brino arwo 
Ai awino sye ai awin, sup mowiya
awin kamam sye ai awin supinema
orya isyun imbruk mura ifur karkar 
sarai besob nin ya isik
kyamara brin mandira
Ai awino sye ai win sup mowiya "
Papua,Papua,Wesupe,"wesupe dasiru 
odaiwa syo era 
denere dai sanesoi
kewera na womda, sanesoi
minggebae dese syaiso 
wesupe unten tasuare 
kutebo wama soweram sasorai
be wario inyai ityai su 
wesupe ero suu wewe "
Papua,Papua,Wampasi Wambare,"Wampasi Syor Wambarek
Beyun parareyo
Ruama wuno mayaine
Yaro sub bondi
Wampasi syor wambarek
Beyun parareyo
Ruama wuno mayaine
Yaro sub bondi
Derider dan dama
Sunisun dan dema
Mansibin kasun syar syor yaye yaye
Sibo
Sibe sirabe
Mansibin kasun sya syor yaye yaye
Sibo
Sibe sirabe
Sibe sibe sirabe
Sibe sibe sirabe
Sibe sirabe
Sibe sibe sirabe
Sibe sibe sirabe"
Papua,Papua,Waniambey,"Oh hai mokho rahiat
Rahiat jom
Inggros nuk khai rin
Tadit's miar birt'bat
Waniambey waniambey
Ari-ari neru siya
Mokhoiruk waniambey
Ardi injat cet'rot's bey
Neru siya mokhoiruk
Oh hai mokho rahiat
Rahiat jom
Badin nok khai rin
Tadit's miar birt'bat
Waniambey waniambey
Ari-ari neru siya
Mokhoiruk waniambey
Ardi injat cet'rot's bey
Neru siya mokhoiruk"
Papua,Papua,Sye Insonse,"Insose rasinema wayun waburo
Waburbe supo bondina
Insose rasinena wayun maburo
Waburbe supo bondina
Sondayu yan rayu
Kube mura mumaro
Yan rayu sondayu
Kube mura mumaro
Sye  e e ro
Insos was war ya bake
Sye e e  ro
Insos yas war au rao"
Papua,Papua,FakFak Tiri,"Fakfak tiri yode henggi matiri
Ambon seram mode cengkeh manoha
Sumatra jawa mentet nan papua
Indonesia yomaka kuku e
Toho-toho weo-weo
Toho-toho weo-weo
Mented nan ma  tewe dan gemo
Toho-toho, weo-weo dangge "
Papua,Papua,Eme Eme Jauware,"Derap-derap langkah
Meniti impian karya anak bangsa
Padamu persada anak cucu kita ingin ku sembahan
Terbit matahari dari timur sana ku ikut menyapa 
Menyinari pusaka taman eden di tanah papua
Rencana strategis sbagai tolak ukur membangun papua
Visi dan misi
Dorongan terpadu menuju cita-cita
2011 rancangan tujuan prestasi perdanan
Bangun seluruh kampungku 
Budayakan masyarakatku
Untuk mandiri sejahtera
Eme neme jauware
Eme neme jauware 
Bersatu bersaudara kita membangun tanah papua
Eme neme jauware 
Eme neme jauware 
Biarlah tangan Tuhan memberkati tanah Papua tercinta"
Papua,Papua,Pantai Maki,"Paniai tigi, tage
Kamu mapi ya kai ibo bago

Kotu potu, pekudo koi di ma dou ko do di 
Noukaima
natai maya
Iki dima
ko ya touto 
Koya taouto
kouko
Pania maki
noukama natai maya
Iki dima
koya touto
waduoto
Koya touto"
Papua,Papua,Agha Peage,"Agha peagha kelanomi
Dhomiyea nemene
Nadhei may meyeakho wayande
Elea eghe dihkeiyeakhoi
Yea nemene nambainye hakhomande 
Doumale yea elea hepmale
Doumale doumale
Yea nemene nambainye hakhomande 
Doumale yea elea hepmale
Doumale doumale
Doumale elea hepmale
Doumale elea hepmale"
Papua,Papua,Yamko Rambe Yamko,"Hee yamko rambe yamko
Aronawa kombe
Hee yamko rambe yamko
Aronawa kombe

Teemi nokibe kubano ko bombe ko
Yu mano bungo awe ade
Hongke hongke hongke riro
Hongke jombe jombe riro
Hongke hongke hongke riro
Hongke jombe jombe riro"
Papua,Papua,Sup Yena Iwa,"Sup yena iwa, myos yenaibun yaswar na bo
Yasuibai ma yasandik narawo
Supyori naiwa padaido yenaibun
Numfori supo byaki marares

Swan yenaiwa sorn yenaibu yaswar no bo
Yasubai ma yasandik narawo
Arwai swan inggri, wonyai swan wombon
Aruri swan inggin bebarandin
Sye kayano sup yedi naibefanayara
Yaburi yaboryae, sup mandaman ine
Yabur yaserefo kamasan romasar bekambe soruya
Yasarbo yasambrab sye yakaber ma yabaus yakaryom bo yamun
Sup an maref yenai wano
Ras yenaiwa, kyu yenaibun yaswar na bo
Yausbai ma yasandik narawo
Wasani barisen, bimoni mun beknon 
Inasi bruyadoi bebarandin


Sye kayano sup yedi naibefanayara
Yaburi yaboryae, sup mandaman ine
Yabur yaseref o kamasan romasar bekambe soruya
Yasarbo yasambrab sye yakaber ma yabau yakar, yom bo yamun 
Sup an maref yenai wano"
Papua,Papua,Aye Awino,"Aye awin o, aye kaman o
Muswar awer'ya, mukans awer'ya
Aye awin o, aye kaman o
Muswar awer'ya, mukans awer'ya
Muswar awer'ya, mukans awer'ya
Snar insos iso befnai yarawo yaberadine"
Papua,Papua,E Mambo Simbo,"E mambo simbo E 
Mambo Simbo (Mambo simbo)
E Mambo simbo E
Mambo Simbo (Mambo Simbo)
Mambo yaya yaya e
Mambo yaya e (Mambo yaya e)
Mambo yaya yaya e
Mambo yaya e (Mambo yaya e)"
Papua,Papua,Rasine Ma Rasine,"Yakondo arfak bonbekaki
Yamambe mansiman swani wanda
Yaswar murabe ayena
Rars syabo soren ya dawasi 
Yakondo arfak bonbekaki
Yamambe mansiman swani wanda
Yaswar murabe ayena
Rars syabo soren ya dawasi swania ibrin ido
Mgari yena nadai ro sneri
Ayaine awak monda 
Manseiso nari bemam aya
Rasine ma rasine 
Mboi meser ido rosai sonari
Yakan be robeyan"
Papua,Papua,Akai Bipa Mare,"Akai bipa mare
Atamare mare raure
Akai bipa mare
Atamaer mare raure
Karya desa anamore 
Pokani mau waya ima moko maku"
Papua,Papua,Padaidori,"Aimando mios yedi padaido
Adirwai mowi bedawu nawa
Fafisu yabe kapira ro mnu yedi
Sinan apus sube manmin ya rao 
Payamyum sawarwar subena
Yaswar su ara 

Padaidori mios yedi au monda 
Ro sup bondi yaswar ma yamander
Man yaine yaro sup bondi 
Saneri 'fur saneso rao
Ras risa na yakaber mura ro
Be aimando mios kasun ayedi
Bosen aimando mios kasun ayedi 
Bosen inasmano insareko 
Yaswar na ara

Padaidori yasuri yabaro 
yen bepioper yas yamasasi ro
Bape sye ara fabye 
Inema yabor yayera 

Marisen bepon nawayan naburo 
Apus manggaggun ayesu suburo 
Adirwai mowi menui bepon o
Yaswarna ara"
Papua,Papua,Wemir Monda,"Insose wakyar ayabake
Indiri farem wos mumaba
Insose yaswarau yaswarau kaku
Wemir monda sye wemir monda

Insose wasmar aya bake
Indiri wawos ra diriandi 
Ayama yaswarau yaswaraukaku
Wemir monda sye wemir monda
Wos kukofen ro yendi sare 
Marandan kubena ro siser befawawi
Suser bramin ro ras nauwara 
Inema kuna nabe swarapepen
Yaswar au yaswar kaku
Wemir monda sye wemir monda "
Sulawesi,Sulawesi Barat,Pulo Karampuang,"Oh pulo karampuang 
Di olona mamuju
Merio-rio nikita di wattu
Simbar karampuang

Oh pulo karampuang 
Di olona mamuju
Merio-rio nikita di wattu
Simbar karampuang
Karaoma lampana tonisenga'diate
Ateku'rapang nikojo
Bennu bulo pammoso
Pallarina utara
Situru-turu salatang
Pengkata nda'ko di ia
Di tomarao"
Sulawesi,Sulawesi Barat,Panawar Sililiu,"Tanna ratang sukku,na
Cinnau dziwatammu
Tannaratang kalepunna
Sayanggu mating

Iyau nauwwa toa
I'o dzi pa'mai'u
Tammalama'na lele
Ditau laeng
Sayanggu mating
Sayang tongatongan ho
I;o simata I'o
Usenga'u salili
I'o simata I'o
Monaya dzipa'mai'u
I'o simata I'o
Panawar salili'u
Rannunna nyawau"
Sulawesi,Sulawesi Selatan,Tondok Kadidianku,"Tondok toraya
Lamo tondok mala'bi
Melo tampana maballo garagana
Natikui buntu sia narande lombok
Tondok manaman tae'tongan
Susinna
Tondok soraya
Tondok kadadianku
Lamo tondo kunii ditibussanan
Tondok nanai torro indo'Ambe'ku
Sisola mintu'siulu'sia sangbara'ku
Moi angku male lako pandangna tau
Inang la tongtong laku pa lan
Penangku, 
Moi bulawan dio pandangna tau
Inang tang pada tondok kadadianta"
Sulawesi,Sulawesi Selatan,Anak Kukang,"Kukana tuni pela tuni buang
Ritamoarang
Tuni ayukkan rije'ne narampung tau maraeng
Caddi caddi dudu in'ja nana pellaka ammaku
Mantang mama ka'leka'le tu'guru
je'nne matanku
Aule sa'resa na i kukang sayang
Sa're tenama kucini lino empo tenama 
Te'nena
Aule sa'resa're na i kukang sayang
Sa're tenama kucini lino empo tenama
Te'nena"
Sulawesi,Sulawesi Selatan,Ati Raja,"Jailebang ni rampe i bau
Ati raja to sunggua ri pau kodong 
Raja le ala ni ani puji ati ati raja
Ni a tom mo ni calla dodu 
Puna ni a to sunggu bau 
Ati raja nata ena
Raja le allara panji sero ati ati raja
Kek ke kini pela tomi 
Laku apa mi sunggu ta bau
Ati raja nama jai balla batu ta kodong 
Raja le ala puna kodia ati ati raja
Keleleang mange mange bau
Mange mange bau"
Sulawesi,Sulawesi Selatan,Dongang-Dongang,"Takunjunga bangung turu' galle
Nakuginciri naung gulingku
KualleannaTallangan natoalia
Dongang-dongang dongang la nia te'ne
Na'tenne nala lo apamigau
Tutuki ma'lepa-lepa galle
Ma'biseang rate bonto 
Tallangki sallang kinasakko alimbu'bu
Dongang-dongang la bella karaeng 
Dongangla dongang dongala nia te'ne
Na'tenne nala lo apamigau"
Sulawesi,Sulawesi Tengah,Tananggu Taili,"Tananggu Kaili tananggu potove
Katuvuku sampe nabose
Peari ino nte papa ante salara
Tananggu kaili tananggu potove
Ira nggaluku nonggave-nggav
Balumba no ende endee "
Sulawesi,Sulawesi Tengah,Posisiani,"Ekamai-mai puramo kita Moende
endemo
Moendeka posisiani ala kita mosisani
EE rand ante kabilasa totuatu ante ngana
Moende nte dambalara ala malindo lara
Moende posisani ala kita mosisani
Racoba mo nte sanggani pasti marua nggani
Moendeka posisani ala kita mosisani
Racoba mo nte sanggani pasti marua
nggani"
Sulawesi,Sulawesi Utara,O Nina Ni Keke,"O ina ni keke, mangewi sako
Mangewang kiwenang, tumeles ba leko
O ina ni keke, mangewi sako
Mangewang kiwenang, tumeles ba leko
We ane, we ane, we ane toyo
Daimo siapa kota rema kiwe
We ane, we ane, wen ane toyo
Daimo siapa kota rema kiwe"
Sulawesi,Sulawesi Utara,Si Patokaan ,"Sayang sayang si patokaan
Matego tego gorokan sayang
Sayang sayang si patokaan
Matego tego gorokan sayang
Sako mangemo nan tanah jauh
Mangemo melei leklako sayang
Sako mangemo nan  tanah jauh
Mangemo melei leklako sayang "
Sulawesi,Sulawesi Utara,Gadis Taruna,"Duduk termenung sebatang kara
Di pulau sangihe gadis taruna
Angin mendesir ombak taruna 
Si gadis teruna hatinya rindu
Kearah laut sambil memandang 
Bila kekasih kembali pulang 
Maka tiba-tiba datang dari jauh 
Perahu teruna hilanglah rindu
Maka tiba-tiba datang dari jauh 
Perahu teruna hilanglah rindu "
Sulawesi,Sulawesi Utara,Tan Mahurang,"Tan mahurang mennalang suwungan 
sapeo e kuwng sap
Olehnya itu i sai nagetu ikauatu nele luwang 
Tapi kupu pu,pu, pu"
Sulawesi,Sulawesi Utara,Tahanusangkara,"Tahanusangkara areng sasahara 
Suwanggil uawu piang soang ulu
Maninggi teng taku takawulenangku 
Seneega weku dan lai e geku
Ore gaghurangku"
Sulawesi,Sulawesi Utara,Nani Wartabone,"Ti pa'nani wartabone
Donggo boli buheli liyo 
Lo la wani kumbani ya japangi waw
Permesta lolo lopu moa amila
Di yalu ta ohe liyo
Penu bulo bulo tahiyo
Ambao dudula liyo gaso mota pu liyo
U i tolo a kali liyo
Masa tiya ma amani lipu ma ilo di
Huma bolo mo po'o daha pi lito
Sambe duhu u mo pu lito ho
Ho ho ho ho ho ho
Tipa'nani wartabone 
Lolo ta tanggulo mopiyo
Dudui lo pongotota ili mu po'o dapata "
Sulawesi,Sulawesi Utara,Niko Mokan,"Niko mokan sigumenanglah
Saaku lewo wia niko
Katerango niendo katerango nateku
Maesaan wo kita dua royor
Niko mokan sigumenanglah
Tarendemku wianniko
Tea liu-liuren kalelepat ulenso 
Pinantikan ngaranta dua royor
Genang genango lah, sitimarendem wia niko
Sa'aku lewo wia niko, niko mokan sigumenanglah
Paloyanan pa'esaan, weta sitimarendemannu "
Sulawesi,Sulawesi Utara,Micoman,"Micoman tangai so lolouren ua..uu..au..uua
Mawentua'us e mama tu mawi mando
Sakoman tangai ne se matua u u u u u
Mengame ngame mama nupus wolelan
Mengame ngame raica sinapa
Mengame ngame mama nupus wolelon"
Sulawesi,Sulawesi Utara,Manesel,"Manesel wo kumurape aduh sayang
Tare manesel aduh sayang, kina jadi mo
Menyesal sudah terjadi aduh sayang
Biar menyesal aduh takkan kembali
Makagenang genang tuminggal si mama sayang 
Makagenang genang tuminggal si mama saya
Terlebih lebih tuminggal kemudaA'an sayang 
Terlebih lebih tuminggal sekaria"
Sulawesi,Sulawesi Utara,Luri Wisako,"Luri wisako, luri wo dimendene
Luri kayu jati, luri rerendeman
Dimangkoy u rendem, rendemku wia niko
MaA'an mena numa, tunduan un lenso  
Lenso uman putih, taA'an sinujian 
TaA'an sinujian, ung ngaran ta dua "
Sulawesi,Sulawesi Utara,Lautan Mabiru Biru,"Lautan ma biru biru aduh sayang 
Dinaesang kumo kane
Dinae sangkumokane aduh sayang 
Ilele rendem ku niko
Lautan ma biru biru 
Dinae sangkumokan lako ndoA'on 
Dinae sangku mokane aduh sayang 
Ilele rendem ku niko
Ilele rendem ku niko"
Sulawesi,Sulawesi Utara,Ungkuanu Aku Rawoy,"Ungkuanu aku rawoy
Akad tinayananu
Dengen anu aku lako
Wisamo sera rumendem
Peneselan ku wia niko
Rinte kampe makenalan
Rinte kampe maleo-leosan
Matua e matetayanan 
Due meragos, saika genang niko
Taan kumuramo
Gemang mu mo lineleA'an"
Sumatera,Aceh,Bungong Jeumpa Bungong Jeumpa,"bungong jeumpa bungong jeumpa 
meugah di aceh 
bungong teuleubeh teuleubeh
indah lagoina 
puteh kuneng meujampu mirah 
bungong si-ula-si-ula
lam sinar buleun lam sinar buleun
angen peu ayon 
luroh meususon meususon yang mala mala
mangat that meubee meunyo tatem com 
leupah that harom si bungong jeumpa "
Sumatera,Aceh,Aceh Lon Sayang,"daerah aceh, tanoh lon sayang 
nibak tempat nyan, lon udep matee 
tanoh ku
euneubak, indatu moyang
lampoh deungon blang, luah bukeon lee
tanoh ku
euneubak, indatu moyang
lampoh deungon blang, luah bukeon lee
keureuja udep, na so peutimang 
na so peuseunang, keureuja matee
hate nyang susah, lon rasa seunang 
aceh lon sayang, sampo'an matee
hate nyang susah, lon rasa seunang 
aceh lon sayang, sasampo'an matee "
Sumatera,Aceh,Aneuk Yatim,"Jinoe lon kisah saboh riwayat
Kisah baro that di Aceh raya
Lam karu Aceh
Aceh timu ngon barat

Ngon barat
Di saboh tempat
tempat muno calita
Na sidroe aneuk jimoe siat at
Lam jiep jiep saat saat dua ngon poma
Ditayong bak mak bak ma ayah jino pat
Jino pat?
Ilon rindu that
rindu that
Keuneuk eu rupa
Nyo mantong hudep meupat alamat
Ulon jak seutot
jak seutot oh watee raya
Nyo ka meninggai
meuninggai 
Meupat keuh jirat
ouh jirat
Lon keuneuk jak siat
jak siat lon baca do'a
Udep di pompa oh tan lee ayah
Lon jak tueng upah tueng upah

Lon bri bu gata
Ka naseb tanyo geutanyo
Kehendak bak Allah
bak Allah
Adak pih susah
susah tetap lon saba
Seu'eut poma
aneuk meutuah 
Kehendak bak Allah
bak Allah geutanyo saba
bek putoh assa
hai asa cobaan Allah
Ya Allah
Saba ngon tabah  ngon tabah dudo bahgia
Talakee doa  taniet bak Allah
Ubee musibah  musibah bek le trok teuka
Aceh beu aman  beu aman bek lee ro
Darah   ro darah 
Seuramoe mekkah  mekkah beu kong agama
Seuramoe mekkah  mekkah beu kong agama"
Sumatera,Bangka Belitung,Berage,"Ampar tikar beransai
Care berage de belitong
Ape agik cucuk ngumpul semue
Dudok beramai-ramai ngadap rejeki
Same-same
Rase gembire sekeluarge payakan lete
Dak terase
Berage-berage ayuk kite berage 
Berage-berage berage laberage"
Sumatera,Bangka Belitung,Alam Wisata Pulau Bangka,"Pasir puteh di sepanjang pantai Bangka
Kite duduk di sure ari
Burung camar terbang di atas ombak 
Sedenget agik ari nek malem

Banyak perauh, perau nelayan pulang
Dari laot gi nyarik ikan 
Laot tedoh, nelayan seneng ati e
Buleh e banyak bemacem-macem
Alam wisata pulau bangka
Dari laot sampai ke darat
Tinggal ka dating, cari tempat yang ka seneng

Alam wisata pulau bangka
Pantai bersih laot e biru
Amper ge tiker, kite duduk sambil
Manggang ikan
Ati seneng dak pacak di kate
Ati ge seneng men datang ke sini"
Sumatera,Bengkulu,Be Inai Curi,"Ado la apo fatimah merah kukunyo
Ngapo mengapo kakinya be inai pulo
Itu tandoyo semalam be inai curi
Siapo bujangnya pengantin fatimah kito
Tudin melebro anak pak uncu samsuri
Nyo tukang saldo nang di pasar baru koto
Tudin malebro fatimah pasar bengkulu
Duduk bersanding 
Di pelaminan bimbang gedang 
Elok nian  elok nian"
Sumatera,Bengkulu,Pantai Panjang,"Pantai panjang pantai panjang
Pantai nan elok untuk tamasya
Sejak dahulu pantai bengkulu
Di hari minggu orang ke situ
Dari tenagh ketepi 
Ombak datang menepi
Dipantai derai bederai
Dari tengah ketepi
Ombak datang menepi
Dipantai derai bederai

Pantai panjang dahulu kalo"
Sumatera,Bengkulu,Yo Botoi Botoi,"Yo botoi-botoi yo tarik tali
Elok-elok pukek besamo
Pukeklah mendarek 
Marolah kito seiyo
Yo botoi-botoi yo tarik tali
Elok-elok pukek besamo
Selengek yang did apek 
Banyaknyo bakerang-kerang
Uncu leha..(Uncu leha)
Menunggu pak uncu di rumah..(dirumah)
Air kopi kek juada lah lamo lah tesedio ho
Uncu leha  (uncu leha)
Menunggu pak uncu di rumah  (Dirumah)"
Sumatera,Bengkulu,Sekundang Setungguan,"Sekundang setungguan 
Itulah perangguan 
Amun kitau bekawan

Sekundang setungguan 

Amun kaba ndak berayak 
Iluakla serempak
Betegak samau rampak
Tekedan badan ngulang 
Jangan kaba langguak layau
Jangan kaba lupau 
Ingatlah katau pesan 
Sekundang Setungguan 


Sekundang setungguan 
Sepakat ngan serasan 
Sekundang setu
Sekundang setungguan 
Sepakat ngan serasan 
Sekundang setungguan 
Pegang pakai bekawan"
Sumatera,Jambi,Injit-Injit Semut,"Jalan-jalan ke tanah Deli
Sungguh indah tempat tamasya 
Kawan nyanyi bersama-sama 

Kalau pergi ke surabaya
Naik perahu dayung sendiri
Kalau hatimu sedih
Yang rugi diri sendiri
Injit-injit semut
Siapa sakit naik diatas
Injit-injit semut 
Walau sakit jangan dilepas
Injit-injit semut
Siapa sakit naik diatas
Injit-injit semut
Walau sakit jangan dilepas"
Sumatera,Jambi,Selendang Mayang,"Orang membakar di Pulau Hantu
Asapnya ada tabun menabun

Orang membakar di Pulau Hantu
Asapnya ada tabun menabun asap api
Membakar kebun merendang lada di sampul luleh
Taruknya kaca tangkainya embun
Dipandang ada diambil tak boleh
Meredang lada disampul puleh
Asapnya sampai ke Gunung Tujuh"
Sumatera,Riau,Segantang Lada,"Segantang lada namanya kepulauan Riau
Segantang lada namanya kepulauan Riau
Ibukotanya di pulau Bintan
Ibukotanya di pulau Bintan
Hati gelisah nan risau
Hati gelisah nan risau 
Bila dikenang  wajahmu tuan
Bila dikenang wajamu tuan"
Sumatera,Riau,Hang Tuah,"Dang merdu bunda berjasa
Melahirkan putra perkasa 
Hang tuah laksmana satria
Teladan negeri dan bangsa

Dari bintan kepulauan riau
Kaum baktimu kesegenap rantau
Walau kini kau telah tiada
Fatwamu tiadakan sirna
Tuah sakti hamba negeri 
Resah hilang 2 terbilang
Patah tumbuh hilang kan berganti
Takan melayu hilang di bumi
Engkau susun jari 10
Mengatur sembah duduk bersimpuh 
Halus budi resah melayu
Hang tuah ho.... ho hang tuah"
Sumatera,Sumatera Selatan,Sayang Selayak,"Sayang selayak burung lempipi
Sayang selayak burung sempipi
Menarap abang keputehan ai 
Keputehan 
Kakang berayak ke duson ini
Kakang berayak ke duson ini
Tuape batan perulehan, ai perulehan 
Sayang selayak burung lempipi
Sayang selayak burung lempipi
Sayang selayak burung lempipi 
Sayang selayak burung lempipi
Menarap abang keputehan ai 
Keputehan
Kami berayak keduson ini
Kami berayak ke duson ini
Ade mbak gunong perulehan, ai
Perulehan
Sayang selayak burung sempipi
Sayang selayak burung lempipi"
Sumatera,Sumatera Selatan,Melati Karangan,"Melati Karangan
Melati karangan 
Sunting aisan gadis palembang 
Ai bagus nian
Rambut disuri bergelung malam
Berambut panjang 
Itu tandoyo asli Palembang 
Ai cantik nian
Tingkah lakunyo alep dan sopan 
Kalu bejalan...tando gadisnyo
Memake subang
Ai belenggang nian
Tando tuonya baju kurung
Betudung selendang "
Sumatera,Sumatera Utara,Leleng Ma Hupaima,"Lelleleng a hupa ima ima
Na tinong keni roha matua laos soro
Torop do da naung hupa lu
Rohangku sai manjua ai tung sorong kapdo
ise mai ulaning na tau si rongkap ni tondingki
Tupa doi nu aeng jonok doi di lambungki
Leleng ma hupa ima ima
Na tinong keni roha ma tua laos soro"
Sumatera,Sumatera Utara,Piso Surit,"Piso surit, piso surit
Terdilo-dilo, terpingko-pingko
Lalap la jumpa ras atena ngena
I ja kel kena, tengahna gundari

Siang me enda turang atena wari
Entabeh naring mata kena tertuduh
Kami nimaisa turang tangis-teriluh
Enggo-enggo me dagena
Mulihlah gelah kena
Bage me nindu rupa agi kakana

Tengah kesain, keri lengetna
Rembang mekapal turang, sehkel bergehna
Terkuak manuk ibabo geligar
Enggo me slepat turang kite-kite kulepar
Piso surit, piso surit 
Terdilo-dilo, terpingko-pingko
Lalap la jumpa ras atena ngena"
Sumatera,Sumatera Utara,Cikala Le Pongpong,"Cikala le pongpong oe,
ue merbuah si nangka bari le oe
Si manguda bagendari en
Dak mengkabari

Mela mo cituk kene turang 
Ulang ulaken kene male
Ulah-ulah nde neidi bagi
Ulang mo dak bagi

Kade mo lemlem pagemu
Pucuk bincoli mo kabir-kabiren
Kade mo kelleng ate mu
Anak maholi man pabing-abingen 

Pong kirpong lepong kirpong"
Sumatera,Sumatera Utara,Ketabo,"Keta bo keta bo keta bo dongan tuh sidempuanan
Musim ni salak sannari di si dongan tong
Tu si do tu si do ro do bujing-bujingi tu pokenan
Jeges-jeges sude jengker jengkar dongan jogi-jogi sude lago lago 
Ile baya nungia muda manyapai ho ile baya tabo begeon da bo
Keta bo keta bo keta bo dongan tu sidempuanan
Aso markusip hita tu si dongan keta bo keta bo"
Sumatera,Sumatera Utara,Tarambe Tangan Simangido,"Tarambe tangan si mangido tarlaka si manjojak i
Tuluat si hadaoan tutano si leban i
Tung godangna pata ruhon si dongan mago dangi
Dukkon sahat ma tu motor i marsirang ma disi
Holana unduk do ahu di bagasan motor i
Nunga tonu salendanghu mangapusi i lungki
Dukkon sahat matu huta si topo toni disi
Ndang adong di si hutan da holan ho doli
Tubu gambang dohot rimbang di topi ni aek i
Ndang adong sai dainang lobi si an ho doli
Unang bela gai ahu huo loi peni dokmi
Asa gabe jolo horas hita on doli"
